
INSERT INTO public.countries(id,"name", iso_code, currency)VALUES(1,'Egypt', 818, 'EGP');
--inserting organizations
INSERT INTO public.organizations(id, name,  p_name) VALUES (99001, 'organization_1', 'fortune');
INSERT INTO public.organizations(id, name, currency_iso) VALUES (99002, 'organization_2', 818);

--inserting organization domain
INSERT INTO public.organization_domains (id, "domain", organization_id, canonical) VALUES(150001, 'fortune.nasnav.com', 99001, 0);
INSERT INTO public.organization_domains (id, "domain", organization_id, canonical) VALUES(150002, 'www.fortune.com', 99001, 1);

--inserting brands
INSERT INTO public.brands(id, category_id, name, organization_id) VALUES (101, 202, 'brand_1', 99002);
INSERT INTO public.brands(id, category_id, name, organization_id) VALUES (102, 201, 'brand_2', 99001);
INSERT INTO public.brands(id, category_id, name, organization_id) VALUES (103, 201, 'brand_3', 99001);
INSERT INTO public.brands(id, category_id, name, organization_id) VALUES (104, 201, 'brand_4', 99001);

--inserting shops
INSERT INTO public.shops(id, name, brand_id,  organization_id, removed) VALUES (501, 'shop_1', 102, 99002, 0);
INSERT INTO public.shops(id, name, brand_id,  organization_id, removed) VALUES (502, 'shop_2', 102, 99001, 0);

--inserting users
INSERT INTO public.users(id, email,  user_name, authentication_token, organization_id)
VALUES (88, 'user1@nasnav.com','user1','123', 99001);
INSERT INTO public.users(id, email,  user_name, authentication_token, organization_id)
VALUES (89, 'user2@nasnav.com','user2','456', 99002);
INSERT INTO public.users(id, email,  user_name, authentication_token, organization_id)
VALUES (90, 'user3@nasnav.com','user3','789', 99002);


INSERT INTO public.user_tokens(id, token, update_time, employee_user_id, user_id) VALUES (101, '123', now(), null, 88);
INSERT INTO public.user_tokens(id, token, update_time, employee_user_id, user_id) VALUES (102, '456', now(), null,89);
INSERT INTO public.user_tokens(id, token, update_time, employee_user_id, user_id) VALUES (103, '789', now(), null,90);

--inserting Employee Users
INSERT INTO public.employee_users(id, name,  email, organization_id, authentication_token, shop_id)
VALUES (68, 'Ahmad', 'testuser1@nasnav.com', 99001, 'abcdefg',  501);
INSERT INTO public.employee_users(id,  email, organization_id, authentication_token, shop_id)
VALUES (69, 'testuser2@nasnav.com', 99001, 'hijkllm',  501);
INSERT INTO public.employee_users(id,  email, organization_id, authentication_token, shop_id)
VALUES (70, 'testuser3@nasnav.com', 99002, '123456',  501);

INSERT INTO public.user_tokens(id, token, update_time, employee_user_id, user_id) VALUES (1, 'abcdefg', now(), 68, null);
INSERT INTO public.user_tokens(id, token, update_time, employee_user_id, user_id) VALUES (2, 'hijkllm', now(), 69, null);
INSERT INTO public.user_tokens(id, token, update_time, employee_user_id, user_id) VALUES (3, '123456', now(), 70, null);
--inserting Roles
insert into roles(id, name,  organization_id) values(1, 'MEETUSVR_ADMIN', 99001);
insert into roles(id, name,  organization_id) values(2, 'ORGANIZATION_ADMIN', 99001);

--inserting Roles EmployeeUsers relations
INSERT INTO public.role_employee_users(id, employee_user_id, role_id) VALUES (20, 68, 1);
INSERT INTO public.role_employee_users(id, employee_user_id, role_id) VALUES (21, 69, 2);
INSERT INTO public.role_employee_users(id, employee_user_id, role_id) VALUES (22, 70, 2);


INSERT INTO public.bank_accounts(id,created_At,org_id,user_id,wallet_Address,opening_Balance,opening_Balance_Activity_id,opening_Balance_Date,locked)
values (10,now(),null,88,'address',0,null,now(),false);
INSERT INTO public.bank_accounts(id,created_At,org_id,user_id,wallet_Address,opening_Balance,opening_Balance_Activity_id,opening_Balance_Date,locked)
values (11,now(),null,89,'address2',0,null,now(),false);

INSERT into public.bank_account_activities(id, account_id, amount_in, amount_out, activity_date)
values (1,10,40,0,now());

INSERT INTO public.bank_reservations(id,account_id,amount,activity_date)
values (30,10,1.4,now());