<configuration>

    <property name="LOG_PATTERN" value="%d{yyyy-MM-dd'T'HH:mm:ss.SSSZ} %p %m%n" />
    <property name="APP_LOG_ROOT" value="nasnav/src/main/resources/logs/"/>

    <appender name="console" class="ch.qos.logback.core.ConsoleAppender">
        <encoder>
            <pattern>${LOG_PATTERN}</pattern>
        </encoder>
    </appender>

    <appender name="errorLog" class="ch.qos.logback.core.rolling.RollingFileAppender">
        <file>${APP_LOG_ROOT}/application-error.log</file>
        <encoder>
            <pattern>${LOG_PATTERN}</pattern>
        </encoder>
        <rollingPolicy class="ch.qos.logback.core.rolling.FixedWindowRollingPolicy">
            <fileNamePattern>${APP_LOG_ROOT}/application-error-%i.log</fileNamePattern>
            <minIndex>1</minIndex>
            <maxIndex>10</maxIndex>
        </rollingPolicy>
        <triggeringPolicy class="ch.qos.logback.core.rolling.SizeBasedTriggeringPolicy">
            <maxFileSize>100MB</maxFileSize>
        </triggeringPolicy>
    </appender>


    <appender name="springLog" class="ch.qos.logback.core.rolling.RollingFileAppender">
        <file>${APP_LOG_ROOT}/spring-framework.log</file>
        <encoder>
            <pattern>${LOG_PATTERN}</pattern>
        </encoder>
        <rollingPolicy class="ch.qos.logback.core.rolling.FixedWindowRollingPolicy">
            <fileNamePattern>${APP_LOG_ROOT}/spring-framework-%i.log</fileNamePattern>
            <minIndex>1</minIndex>
            <maxIndex>1</maxIndex>
        </rollingPolicy>
        <triggeringPolicy class="ch.qos.logback.core.rolling.SizeBasedTriggeringPolicy">
            <maxFileSize>100MB</maxFileSize>
        </triggeringPolicy>
    </appender>

    <appender name="hibernateLog" class="ch.qos.logback.core.rolling.RollingFileAppender">
        <file>${APP_LOG_ROOT}/database.log</file>
        <encoder>
            <pattern>${LOG_PATTERN}</pattern>
        </encoder>
        <rollingPolicy class="ch.qos.logback.core.rolling.FixedWindowRollingPolicy">
            <fileNamePattern>${APP_LOG_ROOT}/database-%i.log</fileNamePattern>
            <minIndex>1</minIndex>
            <maxIndex>1</maxIndex>
        </rollingPolicy>
        <triggeringPolicy class="ch.qos.logback.core.rolling.SizeBasedTriggeringPolicy">
            <maxFileSize>100MB</maxFileSize>
        </triggeringPolicy>
    </appender>

    <logger name="com.nasnav" level="DEBUG">
        <appender-ref ref="errorLog" />
        <appender-ref ref="console" />
    </logger>

    <logger name="org.springframework" level="INFO">
        <appender-ref ref="springLog" />
        <appender-ref ref="console" />
    </logger>

    <logger name="org.hibernate" level="WARN">
        <appender-ref ref="hibernateLog" />
        <appender-ref ref="console" />
    </logger>

    <root level="INFO">
        <appender-ref ref="console" />
    </root>

</configuration>