----------------------------inserting dummy data----------------------------

--inserting organizations
INSERT INTO public.organizations(id, name) VALUES (99001, 'organization_1');
INSERT INTO public.organizations(id, name) VALUES (99002, 'organization_2');

--inserting brands
INSERT INTO public.brands(id, category_id, name, organization_id) VALUES (101, 202, 'brand_1', 99002);
INSERT INTO public.brands(id, category_id, name, organization_id) VALUES (102, 201, 'brand_2', 99001);

--inserting categories
INSERT INTO public.categories(id, name) VALUES (201, 'category_1');
INSERT INTO public.categories(id, name) VALUES (202, 'category_2');

--inserting product features
INSERT INTO public.product_features(id, name, p_name, description, organization_id)VALUES(234,'Shoe size', 's-size', 'Size of the shoes', 99001);
INSERT INTO public.product_features(id, name, p_name, description, organization_id)VALUES(235,'Shoe color', 's-color', 'Color of the shoes', 99001);
INSERT INTO public.product_features(id, name, p_name, description, organization_id)VALUES(236,'Shoe size', 's-size', 'Size of the shoes', 99002);

INSERT INTO public.addresses(id, address_line_1) values(12300001, 'address line');

--inserting shops
INSERT INTO public.shops(id, name, brand_id,  organization_id, address_id) VALUES (501, 'shop_1', 102, 99001, 12300001);
INSERT INTO public.shops(id, name, brand_id,  organization_id, address_id) VALUES (502, 'shop_2', 101, 99001, 12300001);

--insering employees
INSERT INTO public.employee_users(id,  email, organization_id, authentication_token, shop_id)
VALUES (68, 'testuser1@nasnav.com', 99001, '101112',  502);
INSERT INTO public.employee_users(id,  email, organization_id, authentication_token, shop_id)
VALUES (69, 'testuser2@nasnav.com', 99002, '131415',  501);

INSERT INTO public.user_tokens(id, token, update_time, employee_user_id, user_id) VALUES (1, '101112', now(), 68, null);
INSERT INTO public.user_tokens(id, token, update_time, employee_user_id, user_id) VALUES (2, '131415', now(), 69, null);

--inserting users
INSERT INTO public.users(id, email,  user_name, authentication_token, organization_id)
    VALUES (88, 'user1@nasnav.com','user1','123', 99001);
INSERT INTO public.users(id, email,  user_name, authentication_token, organization_id)
    VALUES (89, 'user2@nasnav.com','user2','456', 99002);


INSERT INTO public.user_tokens(id, token, update_time, employee_user_id, user_id) VALUES (700001, '123', now(), null, 88);
INSERT INTO public.user_tokens(id, token, update_time, employee_user_id, user_id) VALUES (700002, '456', now(), null, 89);


--inserting Roles
insert into roles(id, name,  organization_id) values(1, 'NASNAV_ADMIN', 99001);
insert into roles(id, name,  organization_id) values(2, 'ORGANIZATION_ADMIN', 99001);
insert into roles(id, name,  organization_id) values(4, 'ORGANIZATION_EMPLOYEE', 99001);
insert into roles(id, name,  organization_id) values(5, 'STORE_EMPLOYEE', 99001);
insert into roles(id, name,  organization_id) values(3, 'CUSTOMER', 99001);


--inserting Roles EmployeeUsers relations
INSERT INTO public.role_employee_users(id, employee_user_id, role_id) VALUES (20, 68, 1);
INSERT INTO public.role_employee_users(id, employee_user_id, role_id) VALUES (21, 68, 2);
INSERT INTO public.role_employee_users(id, employee_user_id, role_id) VALUES (22, 69, 2);


--inserting products
INSERT INTO public.products(id, name, brand_id, category_id, organization_id, created_at, updated_at) VALUES (1001, 'product_1',101, 201, 99001, now(), now());
INSERT INTO public.products(id, name, brand_id, category_id, organization_id, created_at, updated_at, barcode) VALUES (1002, 'product_2',101, 201, 99002, now(), now(),'123456789');
INSERT INTO public.products(id, name, brand_id, category_id, organization_id, created_at, updated_at) VALUES (1003, 'product_3',101, 202, 99001, now(), now());
INSERT INTO public.products(id, name, brand_id, category_id, organization_id, created_at, updated_at) VALUES (1004, 'product_4',102, 201, 99001, now(), now());
INSERT INTO public.products(id, name, brand_id, category_id, organization_id, created_at, updated_at) VALUES (1005, 'product_5',102, 202, 99001, now(), now());
INSERT INTO public.products(id, name, brand_id, category_id, organization_id, created_at, updated_at) VALUES (1006, 'product_6',102, 201, 99002, now(), now());
INSERT INTO public.products(id, name, brand_id, category_id, organization_id, created_at, updated_at) VALUES (1007, 'product_7',101, 202, 99002, now(), now());
INSERT INTO public.products(id, name, brand_id, category_id, organization_id, created_at, updated_at) VALUES (1008, 'product_8',102, 202, 99002, now(), now());

-- variants for each product
insert into public.product_variants(id, "name" , product_id, feature_spec ) values(310001, 'var' 	, 1001, '{"234":"66"
}');
insert into public.product_variants(id, "name" , product_id ) values(310002, 'var' 	, 1001);
insert into public.product_variants(id, "name" , product_id ) values(310003, 'var' 	, 1001);
insert into public.product_variants(id, "name" , product_id, feature_spec ) values(310004, 'var' 	, 1004, '{"234":"45"
}');
insert into public.product_variants(id, "name" , product_id ) values(310005, 'var' 	, 1005);
insert into public.product_variants(id, "name" , product_id ) values(310006, 'var' 	, 1006);
insert into public.product_variants(id, "name" , product_id ) values(310007, 'var' 	, 1007);
insert into public.product_variants(id, "name" , product_id ) values(310008, 'var' 	, 1008);
insert into public.product_variants(id, "name" , product_id ) values(310009, 'var' 	, 1008);
insert into public.product_variants(id, "name" , product_id ) values(310010, 'var' 	, 1008);


--inserting stocks
insert into public.stocks(id, shop_id, quantity,  organization_id, price, variant_id) values(601, 502, 6, 99002, 600.00, 310001);
insert into public.stocks(id, shop_id, quantity,  organization_id, price, variant_id) values(602, 501, 8, 99001, 1200.0, 310002);
insert into public.stocks(id, shop_id, quantity,  organization_id, price, variant_id) values(603, 501, 4, 99002, 200.00, 310003);
insert into public.stocks(id, shop_id, quantity,  organization_id, price, variant_id) values(604, 502, 6, 99001, 700.00, 310004);
insert into public.stocks(id, shop_id, quantity,  organization_id, price, variant_id, currency) values(605, 502, 0, 99001, 700.00, 310009, 0);
insert into public.stocks(id, shop_id, quantity,  organization_id, price, variant_id, currency) values(606, 502, 1, 99001, 700.00, 310010, 1);


--INSERT dummy images
INSERT INTO public.files(organization_id, url, "location", mimetype, orig_filename)VALUES(99001, '99001/img1.jpg', '/dummy_loc1.jpg', 'image/jpeg', 'dummy_loc.jpg');
INSERT INTO public.files(organization_id, url, "location", mimetype, orig_filename)VALUES(99001, '99001/img2.jpg', '/dummy_loc2.jpg', 'image/jpeg', 'dummy_loc.jpg');
INSERT INTO public.files(organization_id, url, "location", mimetype, orig_filename)VALUES(99001, '99001/img3.jpg', '/dummy_loc3.jpg', 'image/jpeg', 'dummy_loc.jpg');
INSERT INTO public.files(organization_id, url, "location", mimetype, orig_filename)VALUES(99001, '99001/cover_img.jpg', '/dummy_loc4.jpg', 'image/jpeg', 'dummy_loc.jpg');
INSERT INTO public.files(organization_id, url, "location", mimetype, orig_filename)VALUES(99001, '99001/cover_img2.jpg', '/dummy_loc5.jpg', 'image/jpeg', 'dummy_loc.jpg');
INSERT INTO public.files(organization_id, url, "location", mimetype, orig_filename)VALUES(99001, '99001/cover_img3.jpg', '/dummy_loc6.jpg', 'image/jpeg', 'dummy_loc.jpg');


INSERT INTO public.product_images(product_id, variant_id, "type", priority, uri)VALUES(1001, 310001, 7, 0, '99001/img1.jpg');
INSERT INTO public.product_images(product_id, variant_id, "type", priority, uri)VALUES(1001, 310002, 7, 1, '99001/img2.jpg');
INSERT INTO public.product_images(product_id, variant_id, "type", priority, uri)VALUES(1001, null, 7, 1, '99001/img3.jpg');
INSERT INTO public.product_images(product_id, variant_id, "type", priority, uri)VALUES(1001, null, 7, 0, '99001/cover_img.jpg');
INSERT INTO public.product_images(product_id, variant_id, "type", priority, uri)VALUES(1001, null, 7, 0, '99001/cover_img2.jpg');
INSERT INTO public.product_images(product_id, variant_id, "type", priority, uri)VALUES(1002, null, 7, 0, '99001/cover_img3.jpg');


-- insert cart
INSERT INTO public.cart_items (stock_id, cover_image, variant_features, quantity, user_id) VALUES(602, '99001/img2.jpg', '{"Color":"Blue"}', 10000, 88);
INSERT INTO public.cart_items (stock_id, cover_image, variant_features, quantity, user_id) VALUES(604, '99001/cover_img.jpg', '{"Color":"Yellow"}', 1, 88);

INSERT INTO public.organization_shipping_service values('TEST', 99001, '{ "name": "Shop","type": "long","value": "14" }', 99001);

INSERT INTO public.User_addresses values(12300001, 88, 12300001, false);